Target,Latitude,Longitude,Distance,Africa_East,Africa_West,Ancient_North_African,AncientJapanJomon,AncientNortheastAsian,AncientSoutheastAsian,CaucususHG,EarlyEastEurasianHoabinhian,EarlyEastEurasianMelanesian,East_European_Siberian_Ancient_North_Eurasian_Hunter_Gatherer,IndusHG,Mediterranean_Anatolian_Farmer,Natufian_ArabianHG,Western_European_Hunter_Gatherer,Zagrosian_Farmer
Sudanese,12.86,30.22,0.00277875,100,0,0,0,0,0,0,0,0,0,0,0,0,0,0
Brahmin_Catholic_Karnataka,12.91,74.86,0.00406009,0.2,0,0,0,0,0.2,0,8.4,0,13,36.2,12.8,0.6,2.2,26.4
Maratha,19.75,75.71,0.00472367,0.2,0,0,0,0,0,0,9.6,0,12.2,41.6,11.4,1.4,2.4,21.2
Nasrani,9.59,76.52,0.00481273,0.2,0,0,0,0.4,0,0,6.8,0,11.2,35.8,11.2,2,2.2,30.2
Chamar_Haryana,29.06,76.09,0.0052041,0,0,0,0,0,0,0.2,4.6,0.6,17,34.2,12.6,2,3,25.8
Esan_Nigeria,6.7,6.2,0.00736452,0,99.8,0,0,0,0,0,0,0,0,0,0,0,0,0.2
Brahmin_Gujarat,22.26,71.19,0.0093087,0,0,0,0.2,0.4,0,1.8,0.2,0,17,28,15.6,0,4,32.8
Kshatriya_Uttar_Pradesh_East,26.2,82.8,0.00959807,0,0,0,0,0.2,1.4,1,1.8,0,17.2,31.6,15.6,0,4.8,26.4
Nasoi,-6.22,155.63,0.01034413,0.6,0,0,0,0.4,21.2,0,8,66,0.6,2,0,1.2,0,0
Chamar_Uttar_Pradesh_East,26.2,82.8,0.01073642,0,0.6,0,0,0,0,0,8.4,0.4,13.4,47.2,10.6,2,2.2,15.2
Kamma,16.31,80.44,0.01106979,0,0,0,0,0,0,0,4.8,0,11.8,40.2,13,0.2,0.4,29.6
Rajput_Rajasthan,27.02,74.22,0.01201516,0,0,0,0,0,0.6,0,0,0,14.6,23.4,14,0,4.2,43.2
Vishwabrahmin,15.91,79.74,0.01255213,0,0,0,0,0,0,0,14.2,0,10.8,43.8,8,2.6,1.6,19
Makrani,26,64,0.01281288,0,1,1,0,0,0,0,0,0,6.8,7.2,14.2,5,4.8,60
Fakirani_Jath_Kutch,23.73,69.86,0.01364114,0,0,0,0,0,0,3,0,0,10.2,15.4,16.4,0,4.2,50.8
Kanjar_Uttar_Pradesh,26.85,80.91,0.01365845,1.4,0,0,1.4,0,0.6,0,0,0.6,15.8,41,14.6,0,3,21.6
Ekansh_Khatri,31.15,75.34,0.01420996,0,0,0,0.6,0,0.6,5.4,0,0,16.6,20,16.2,0,3.2,37.4
Jat_Punjab_Sikh,31.15,75.34,0.01577973,0,0,0,0,0,0,4.6,0,0,18.4,21.2,15.8,0,5.4,34.6
Baidya_West_Bengal,22.99,87.85,0.01604461,0,0,0,0,3.2,5.4,0,4.2,0,10.2,35.2,12,0,5.4,24.4
Parsi_India,19.08,72.88,0.01665716,0,0,0,0.8,0,0,9.2,0,0,7.8,10.2,26.4,9,0.4,36.2
Berber_Algeria,36.72,4.05,0.01860371,0,28.2,32.8,0,0,0,1.8,0,0,1.4,0,20.6,12.4,0.8,2
Brahmin_Uttarakhand,30.07,79.02,0.01904531,0,0,0,0,8.2,1.6,0,1.8,0,14.4,25.6,15,0,4.8,28.6
Hawaiian,20.8,-156.33,0.01965265,2,0,0,1.4,3.8,88,0,0,4.8,0,0,0,0,0,0
Iranian_Persian_Fars,29.59,52.58,0.02104835,0,0,0,0,0,0,13.4,0,0,7.6,0.8,31.6,8.4,0.6,37.6
Georgian_Megr,42.51,41.87,0.02124189,0,0,0,0,0.2,0,59.6,0,0,0,0,33.4,4.8,0,2
Chad_Daza,17.93,19.1,0.02129937,47.2,0,35.4,0,0,0,0,0,0,0,0,2.4,15,0,0
Ror,29.8,76.4,0.02245325,0,0,0,0,0,0,7.4,0,0,22.2,18.2,18,0,6.4,27.8
Fulani,12.5,-1.5,0.02257297,0,35.2,41.8,0,0,0,0.8,0,0,0,0,14.8,7.4,0,0
Pillai_Tamil,11.13,78.66,0.02276371,2,0,0,0,0,0,0,7.2,0.8,9.2,41.4,13.2,0.2,2,24
Turkish_Antalya,36.9,30.7,0.02340471,0,0,0,0,12.8,0,16,0,0,9.8,0,39.8,5.4,1.6,14.6
Onge,10.6,92.55,0.02370996,0,0,0,0,2.6,8.4,0,74.8,4,0,9.2,0,0,1,0
Kurd_Kurmanji_Turkey,37.91,40.24,0.02448965,0,0,0,0,0.6,0,15.8,0,0,6.4,0,38,7.6,0,31.6
Iranian_Bandari_Zanji,27.18,56.27,0.02467894,8,20.8,0,1,0,0,3,0,0,7.4,5.8,18.8,4.6,0,30.6
Zaghawa_Sudan,15,23,0.02489345,74.4,0,17.6,0,0,0,0,0,0,0,0,0,8,0,0
Irani_Zoroastrian_India,19.08,72.88,0.02714711,0,0,0,0,0,0,15.2,0,0,7.2,3.4,30,10,0,34.2
Bajo,-3.97,122.51,0.02770247,0,0,0,0,0,73.2,0,11.2,15,0,0.6,0,0,0,0
Turkmen_Uzbekistan,41.55,60.63,0.02817273,0,0,0,0,26.4,0,10.6,0,0,13,1.8,22.4,3.6,2.6,19.6
Brahmin_Rajasthan,27.02,74.22,0.02848476,0.2,0,0,0,0.8,1.4,0,0,0.4,16,25.2,14.8,0,6.4,34.8
Iraqi_Jew,33.31,44.36,0.02921721,0,0,0,0,0,0,9.8,0,0,0,0,38.6,19.2,0,32.4
Sardinian,40.12,9.01,0.02927703,0,0,0,0,0,0,0,0,0,1.8,1,82,0,13,2.2
Rajput_Mondal,22.99,87.85,0.02964277,0,0,0,0,17.6,3.4,3.4,3.2,0,10.4,25.8,11.4,0,3.6,21.2
Maori,-38.69,176.08,0.02995598,0,2.2,0,2.4,0,34.6,9.4,0,9,11,0,19.4,0,12,0
Samaritan,32.2,35.27,0.03021712,0,0,0,0,0,0,7.2,0,0,0,0,39.8,30.4,0,22.6
Igorot,17,120.9,0.03039716,0,0,0,0,1.8,98.2,0,0,0,0,0,0,0,0,0
Agta,16.3,122,0.03059914,4.6,0,0,4.4,0,60,0,0,17.6,2.4,9.2,1.8,0,0,0
Italian_Tuscany,43.77,11.25,0.03100463,0,0,0,0,0,0,13.6,0,0,10.8,0,62.8,0,9,3.8
Vishwakarma_Kerala,10.85,76.27,0.03129992,1.4,0,0,0,0,0,0,8.6,1.6,8.6,54,13.6,0,1.6,10.6
Hezhen,47.5,133.5,0.03172,0,0,0,0,88.8,8.8,0,0,0,0,0.6,0,0,0,1.8
Greek_Achaea,38.1,21.9,0.03224181,0,0,0,0,0,0,14.4,0,0,10.8,0,61.2,2,7,4.6
Tunisian_Rbaya,33.89,9.54,0.03405599,0,0,12.4,0,0,0,0,0,0,0,0,14.8,56.2,0.4,16.2
Uygur,44,81,0.03501446,0,0,0,0,40,5.8,10.4,0,0,11,3,12.6,1.2,3.2,12.8
Mongol,46.86,103.85,0.03540393,0,0,0,0,82.6,0,4,0,0,5.6,0,2.4,0,2,3.4
Pamiri_Rushan,37.95,71.55,0.03542077,0,0,0,0,4.4,0,15.8,0,0,22.2,3.8,22.8,0,6.2,24.8
Eritrean,15.18,39.78,0.03610192,39.2,0,0,0,0,0,2.8,0,0,0,0,0,54.4,0,3.6
Spanish_Andalucia,37.54,-4.73,0.03870123,0,0,1.8,0,0,0,9,0,0,10.8,0,58.4,0.2,17.4,2.4
Izan_Spanish_Valencia,39.47,-0.38,0.03936317,0,0,0.2,0,0,0,9.4,0,0,11.4,0,59.2,0,18.4,1.4
Somali_Kenya,1.75,40.06,0.04013792,57.6,0,0,0,0,0,1,0,0,0,0.6,0,40.8,0,0
Madagascar_Vezo,-23.35,43.67,0.04026986,21.8,40.4,0,0,0,29,0.2,6.2,0,0,0,1.2,0,0,1.2
Moroccan_South,30.4,-8.5,0.04046553,0,0,50.8,0,0,0,1.2,0,0,1.6,0,30.2,13.2,1.4,1.6
Darginian,42.43,47.32,0.04233763,0,0,0,0,0,0,43.4,0,0,21,0,27.8,0,1.4,6.4
French_South,43.8,2.5,0.04411029,0,0,0,0,0,0,8.4,0,0,11.4,0.2,58.8,0,21.2,0
Bashkir,54.73,55.96,0.04546307,0,0,0,0,33.8,0,12.4,0,0,28.4,0,19.2,0,6.2,0
Tatar_Lipka,53.18,23.8,0.04675574,0,0,0,0,23.2,0,16.4,0,0,19.2,0,28.4,0,11.8,1
Yemenite_Mahra,16.5,51.5,0.04852573,0,0,0,0,0,0,0,0,0,0,0,10.2,69.4,0,20.4
Basque_Baztan,43.14,-1.52,0.05319108,0,0,0,0,0,0,5.4,0,0,11.4,0,59.4,0,23.8,0
Mozabite,32.49,3.67,0.05411275,0,0,28.6,0,0,0,3.4,0,0,2.8,0,35,27.4,2.2,0.6
Lebbo,1.5,116.5,0.05599692,0,0,0,0,0,90,0,9.8,0.2,0,0,0,0,0,0
Rajbanshi_Koch_West_Bengal,26.32,89.45,0.05743142,0,0,0,0,29.4,18,0,21.2,0,0.4,16.6,4,0,1.8,8.6
German,51.17,10.45,0.05860585,0,0,0,0,0,0,13.4,0,0,18.6,0,46.6,0,21.4,0
Jehai,5.6,101.5,0.05977604,0,0,0,0,0,42.6,0,52.2,0,0,5.2,0,0,0,0
Shor_Khakassia,52.9,89.3,0.0602281,0,0,0,0,52.8,0,2.4,0,0,35.4,0,9.4,0,0,0
Ethiopian_Ari_cultivator,5.79,36.56,0.06440604,73.2,0,0,0.8,0,0,1.8,0,0,0,1.2,0,23,0,0
Negidal,52.9,139,0.06647736,0,0,0,0,97.6,0,0,0,0,2.4,0,0,0,0,0
Swedish,60.13,18.64,0.06655083,0,0,0,0,0,0,12.6,0,0,22.2,0,39.8,0,25.4,0
Saami_Kola,68,35.02,0.06681168,0,0,0,0,13.2,0,7,0,0,32.2,0,23.6,0,24,0
English,52.56,-1.46,0.06731091,0,0,0,0,0,0,13.2,0,0,19.4,0,44.6,0,22.8,0
Japanese,36.2,138.25,0.06830419,0,0,0,20,57.2,22.8,0,0,0,0,0,0,0,0,0
Thai,15.87,100.99,0.06846955,0,0,0,0,14.8,61.6,1,13.6,0,0,5.8,3.2,0,0,0
Luhya_Kenya,0.61,34.77,0.07060412,66.4,32.4,0,0,0,0,0,0,0,0,0,1.2,0,0,0
Irish,53.41,-8.24,0.07142966,0,0,0,0,0,0,14.2,0,0,20.6,0,42.4,0,22.8,0
Icelandic,64.96,-19.02,0.07191356,0,0,0,0,0,0,13.6,0,0,21,0,40.4,0,25,0
Polish,51.92,19.15,0.07292925,0,0,0,0,0,0,14,0,0,20.4,0,40.2,0,25.4,0
Tlingit,58.3,-134.42,0.0779143,0,0,0,0,33.6,0,0,0,0,46.8,0,16.8,0,2.8,0
Russian_Kaluga,54.51,36.26,0.07810864,0,0,0,0,0,0,15,0,0,22.2,0,35.8,0,27,0
Yukagir_Forest,65.38,151.08,0.07936954,0,0,0,0,42.4,0,3.8,0,0,24,0,18.6,0,11.2,0
Latvian,56.88,24.6,0.09393503,0,0,0,0,0,0,13.8,0,0,23.6,0,30.6,0,32,0
Magar,27.87,83.55,0.09475065,0,0,0,0,58.4,12.8,0,17.6,0,0,8.4,0.8,0,0.8,1.2
Miao_Songtao,28.16,109.2,0.10077499,0,0,0,0,43.8,55.2,0,0,0,0,1,0,0,0,0
Todzin,52.47,96.11,0.10749793,0,0,0,0,79,0,0,0,0,21,0,0,0,0,0
Khanty,61,69,0.11723385,0,0,0,0,42.4,0,0,0,0,49.4,0,8.2,0,0,0
Mari,56.63,47.89,0.12032045,0,0,0,0,23,0,6.6,0,0,35.8,0,21.8,0,12.8,0
Nicobarese,8,93.5,0.12941661,0,0,0,0,0,78.4,0,19.2,0,0,2.4,0,0,0,0
Greenlander_East,65.61,-37.64,0.14097441,0,0,0,0,51.4,0,0,0,0,44.2,0,4.4,0,0,0
Koryak,59.08,159.95,0.14390412,0,0,0,0,79.8,0,0,0,0,20.2,0,0,0,0,0
Yakut_Sakha,62.03,129.73,0.16524429,0,0,0,0,84.6,0,0.6,0,0,9.4,0,5.4,0,0,0
Even,63,145,0.18405358,0,0,0,0,93.8,0,0,0,0,6.2,0,0,0,0,0
Eskimo_Chaplin,64.5,-172.93,0.18631828,0,0,0,0,72.4,0,0,0,0,27.6,0,0,0,0,0
Cree,53,-80,0.20111847,0,0,0,0,39.4,0,0,0,0,52,0,8.6,0,0,0
Nganasan,71,94,0.22231254,0,0,0,0,84.8,0,0,0,0,15.2,0,0,0,0,0
Amerindian_North,55,-97,0.29367351,0,0,0,0,56.8,0,0,0,0,43.2,0,0,0,0,0
Bolivian_Pando,-11.2,-67.2,0.39235357,0,0,0,0,45.2,0,0,0,0,54.8,0,0,0,0,0
Surui,-11,-62,0.4913379,0,0,0,0,47.4,0,0,0,0,52.6,0,0,0,0,0
Average,NA,NA,0.06021176,4.9,2.6,2.2,0.3,15.6,8.1,4.9,3.1,1.2,12.7,7.7,17.4,4.4,4.9,10.1
